{
  "accuracy": 0.9062,
  "precision_macro": 0.9529,
  "recall_macro": 0.5213,
  "f1_macro": 0.5161,
  "classification_report": {
    "0": {
      "precision": 0.9058577405857741,
      "recall": 1.0,
      "f1-score": 0.9506037321624589,
      "support": 433.0
    },
    "1": {
      "precision": 1.0,
      "recall": 0.0425531914893617,
      "f1-score": 0.08163265306122448,
      "support": 47.0
    },
    "accuracy": 0.90625,
    "macro avg": {
      "precision": 0.9529288702928871,
      "recall": 0.5212765957446809,
      "f1-score": 0.5161181926118417,
      "support": 480.0
    },
    "weighted avg": {
      "precision": 0.9150758368200836,
      "recall": 0.90625,
      "f1-score": 0.8655169806671296,
      "support": 480.0
    }
  },
  "features": [
    "typing_speed_wpm",
    "avg_pause_ms",
    "backspace_rate",
    "rewrite_frequency",
    "focus_loss_events",
    "tab_switch_count",
    "question_time_sec",
    "hesitation_index",
    "confidence_score",
    "struggle_score",
    "focus_score",
    "quiz_score"
  ]
}